{
    "accuracy": 0.8744141882604055,
    "loss": 0.36270563216770396
}