{
    "accuracy": 0.870984257612613,
    "loss": 0.36673489475951476
}