{
    "accuracy": 0.846637284431845,
    "loss": 0.4075097441673279
}