{
    "accuracy": 0.8680210173907624,
    "loss": 0.3228138325845494
}